NumCubes,GPUTime_ms,CPUTime_ms,Speedup
10,0.0422838,0.002461,0.0582019
25,0.0364797,0.011121,0.304855
50,0.0367715,0.014669,0.398923
100,0.183112,0.026557,0.145032
250,0.251443,0.061901,0.246183
500,0.259707,0.134434,0.517637
1000,0.28161,0.256671,0.911441
2500,0.370821,0.656388,1.77009
5000,0.654172,1.25972,1.92567
10000,0.993935,2.61362,2.62957
25000,0.275958,6.3375,22.9655
50000,0.524534,12.8662,24.5287
100000,1.0979,26.6742,24.2956
